[
  {
    "id": 1733208292811,
    "name": "bjjk,m5",
    "contact": "855447",
    "complaint": "hhhj",
    "location": {
      "latitude": "12.9255268",
      "longitude": "77.5690952"
    },
    "photoUrl": "/uploads/1733208292788.jpg",
    "submittedAt": "2024-12-03T06:44:52.811Z"
  },
  {
    "id": 1733209537631,
    "name": "gfhgh",
    "contact": "74221",
    "complaint": "dhj",
    "location": {
      "latitude": "12.9255268",
      "longitude": "77.5690952"
    },
    "photoUrl": "/uploads/1733209537599.jpg",
    "submittedAt": "2024-12-03T07:05:37.631Z"
  },
  {
    "id": 1733209587280,
    "name": "mo",
    "contact": "45",
    "complaint": "ga",
    "location": {
      "latitude": "12.9255268",
      "longitude": "77.5690952"
    },
    "photoUrl": "/uploads/1733209587262.jpg",
    "submittedAt": "2024-12-03T07:06:27.280Z"
  },
  {
    "id": 1733209863022,
    "name": "mon",
    "contact": "123",
    "complaint": "gag",
    "location": {
      "latitude": "12.9255268",
      "longitude": "77.5690952"
    },
    "photoUrl": "/uploads/1733209862987.jpg",
    "submittedAt": "2024-12-03T07:11:03.023Z"
  },
  {
    "id": 1733210127792,
    "name": "goo",
    "contact": "8989",
    "complaint": "plll",
    "location": {
      "latitude": "12.9255268",
      "longitude": "77.5690952"
    },
    "photoUrl": "/uploads/1733210127774.jpg",
    "submittedAt": "2024-12-03T07:15:27.792Z"
  },
  {
    "id": 1733210762161,
    "name": "cd",
    "contact": "12",
    "complaint": "asd",
    "location": {
      "latitude": "12.9255268",
      "longitude": "77.5690952"
    },
    "photoUrl": "/uploads/1733210762143.jpg",
    "submittedAt": "2024-12-03T07:26:02.161Z"
  },
  {
    "id": 1733211890576,
    "name": "uuu",
    "contact": "i",
    "complaint": "u",
    "location": {
      "latitude": "12.9255268",
      "longitude": "77.5690952"
    },
    "photoUrl": "/uploads/1733211890536.jpg",
    "submittedAt": "2024-12-03T07:44:50.576Z"
  }
]
